Protein Group,Protein ID,Accession,-10lgP,Coverage (%),Coverage (%) N1,Coverage (%) N2,Coverage (%) N3,Coverage (%) N4,Coverage (%) N5,Coverage (%) N6,Coverage (%) T1,Coverage (%) T2,Coverage (%) T3,Coverage (%) T4,Coverage (%) T5,Coverage (%) T6,Area N1,Area N2,Area N3,Area N4,Area N5,Area N6,Area T1,Area T2,Area T3,Area T4,Area T5,Area T6,#Peptides,#Unique,#Spec N1,#Spec N2,#Spec N3,#Spec N4,#Spec N5,#Spec N6,#Spec T1,#Spec T2,#Spec T3,#Spec T4,#Spec T5,#Spec T6,PTM,Avg. Mass,Description
1,2,P02769,802.06,88,88,88,88,87,87,87,86,86,87,85,88,85,2.8586E7,2.8588E7,3.0348E7,2.9072E7,2.9948E7,3.157E7,3.0892E7,3.4693E7,3.0499E7,3.0715E7,2.9622E7,2.9146E7,98,91,3993,3057,4383,2979,2751,2958,2874,3772,3480,2897,4168,3067,Carbamidomethylation; Oxidation (M); Deamidation (NQ),69294,Albumin OS=Bos taurus OX=9913 GN=ALB PE=1 SV=4
3,8,Q7SIH1,781.95,77,75,77,74,74,76,77,75,76,75,74,75,74,5.7443E6,5.3092E6,4.8646E6,4.7276E6,5.362E6,5.4991E6,5.1079E6,5.1236E6,5.0496E6,5.2013E6,4.9453E6,4.8661E6,89,89,1304,1286,1170,1139,1309,1339,1199,1284,1165,1194,1319,1176,Carbamidomethylation; Oxidation (M); Deamidation (NQ),167575,Alpha-2-macroglobulin OS=Bos taurus OX=9913 GN=A2M PE=1 SV=2
7,7,Q3SZ57,700.27,79,79,77,78,78,78,77,77,78,78,78,79,78,2.9154E6,3.0626E6,2.7336E6,3.3162E6,2.9413E6,3.1134E6,3.3374E6,2.8204E6,3.096E6,2.7003E6,3.0587E6,2.6977E6,47,45,612,604,596,552,558,551,520,591,618,591,619,535,Carbamidomethylation; Oxidation (M); Deamidation (NQ),68588,Alpha-fetoprotein OS=Bos taurus OX=9913 GN=AFP PE=2 SV=1
5,1,Q29443,691.22,84,80,84,81,80,81,81,79,81,81,83,80,80,5.5396E6,5.2841E6,5.9563E6,6.2968E6,5.6973E6,5.9378E6,6.1172E6,5.9257E6,6.0829E6,5.6029E6,5.6292E6,5.4732E6,71,70,1054,992,1120,1022,988,1043,1040,1066,1011,1021,1075,1051,Carbamidomethylation; Oxidation (M); Deamidation (NQ),77753,Serotransferrin OS=Bos taurus OX=9913 GN=TF PE=2 SV=1
6,10,Q2UVX4,648.10,75,71,71,72,67,69,69,68,69,70,68,70,68,1.1915E6,1.2731E6,1.1873E6,1.142E6,1.399E6,1.3914E6,1.2479E6,1.3692E6,1.163E6,1.2247E6,1.2394E6,1.105E6,112,103,672,760,629,666,765,782,609,698,597,611,649,630,Carbamidomethylation; Oxidation (M); Deamidation (NQ),187252,Complement C3 OS=Bos taurus OX=9913 GN=C3 PE=1 SV=2
24,16,P81187,569.88,52,41,41,43,47,44,44,44,44,43,45,47,43,2.6127E5,2.3733E5,2.2001E5,2.5157E5,2.6054E5,2.6853E5,2.4323E5,2.623E5,2.5477E5,2.3637E5,2.466E5,2.6051E5,33,32,109,112,113,126,116,99,138,125,132,131,129,105,Carbamidomethylation; Oxidation (M); Deamidation (NQ),85366,Complement factor B OS=Bos taurus OX=9913 GN=CFB PE=1 SV=2
9,6,Q3MHN5,551.21,80,73,75,67,66,64,72,62,70,65,71,66,69,1.4035E6,1.4397E6,1.4439E6,1.3131E6,1.4085E6,1.5783E6,1.5766E6,1.4407E6,1.8413E6,1.4806E6,1.3439E6,1.4869E6,35,35,283,248,271,279,266,270,254,261,300,291,301,268,Carbamidomethylation; Oxidation (M); Deamidation (NQ),53342,Vitamin D-binding protein OS=Bos taurus OX=9913 GN=GC PE=2 SV=1
13,12,Q3T052,534.81,67,67,67,62,63,65,65,63,65,60,62,60,65,5.0426E5,5.0931E5,4.7931E5,4.8266E5,5.4584E5,5.0697E5,4.9607E5,4.9026E5,4.5017E5,4.6833E5,4.7871E5,4.6527E5,41,41,202,180,205,200,223,181,176,189,190,167,171,164,Carbamidomethylation; Oxidation (M); Deamidation (NQ),101513,Inter-alpha-trypsin inhibitor heavy chain H4 OS=Bos taurus OX=9913 GN=ITIH4 PE=1 SV=1
11,4,P15497,530.27,74,69,70,70,71,69,69,69,69,69,69,69,73,1.3829E6,1.3835E6,1.43E6,1.4698E6,1.3353E6,1.6296E6,1.4558E6,1.4385E6,1.4786E6,1.4456E6,1.411E6,1.4412E6,41,41,212,213,221,206,215,215,226,230,208,211,199,203,Oxidation (M); Deamidation (NQ),30276,Apolipoprotein A-I OS=Bos taurus OX=9913 GN=APOA1 PE=1 SV=3
16,11,P06868,529.84,74,64,67,67,66,67,68,73,68,68,66,65,64,2.8417E5,2.641E5,2.5895E5,3.0457E5,2.9747E5,3.1439E5,3.0086E5,3.0593E5,3.0128E5,2.7464E5,2.606E5,2.2617E5,51,51,171,140,140,149,138,135,148,140,162,141,133,148,Carbamidomethylation; Oxidation (M); Deamidation (NQ),91216,Plasminogen OS=Bos taurus OX=9913 GN=PLG PE=1 SV=2
8,50,Q9TTE1,527.39,67,63,64,62,61,66,64,61,61,61,64,64,61,9.2485E4,9.8907E4,6.8592E4,6.1203E4,9.1793E4,9.7694E4,6.7994E4,8.274E4,5.9488E4,8.3078E4,9.2509E4,7.4813E4,26,6,301,295,255,274,322,317,277,276,253,288,286,241,Oxidation (M); Deamidation (NQ),46237,Serpin A3-1 OS=Bos taurus OX=9913 GN=SERPINA3-1 PE=1 SV=3
4,21,P34955,525.26,59,57,57,57,59,56,56,56,59,59,56,58,55,4.5776E6,4.4224E6,5.1E6,5.4957E6,6.1134E6,5.278E6,4.7984E6,6.4088E6,5.5657E6,5.9615E6,5.0774E6,4.7375E6,33,33,1055,1025,1050,1007,920,894,922,923,1883,1033,1021,987,Carbamidomethylation; Oxidation (M); Deamidation (NQ),46104,Alpha-1-antiproteinase OS=Bos taurus OX=9913 GN=SERPINA1 PE=1 SV=1
2,40,P12763,513.35,65,52,52,61,52,65,52,56,52,56,65,52,54,9.8728E6,7.7674E6,8.896E6,7.6044E6,8.2487E6,1.0218E7,8.4019E6,9.1606E6,8.2071E6,7.2165E6,8.5288E6,7.1294E6,23,23,1702,1548,1852,1468,1392,1650,1472,1667,1610,1626,1863,1861,Carbamidomethylation; Deamidation (NQ),38419,Alpha-2-HS-glycoprotein OS=Bos taurus OX=9913 GN=AHSG PE=1 SV=2
17,36,Q3SZV7,507.79,64,55,62,62,62,61,62,62,62,62,63,62,63,4.3028E5,4.2036E5,4.1479E5,4.6615E5,4.7047E5,4.5799E5,4.5458E5,4.3544E5,4.1258E5,3.6599E5,3.8511E5,4.1653E5,22,22,145,169,131,152,146,180,139,138,136,135,137,107,Carbamidomethylation; Oxidation (M); Deamidation (NQ),52209,Hemopexin OS=Bos taurus OX=9913 GN=HPX PE=2 SV=1
15,9,P41361,504.43,66,60,61,61,66,66,64,62,63,64,64,61,63,3.8951E5,3.5999E5,3.7919E5,3.5732E5,3.7504E5,4.1241E5,3.5675E5,3.8077E5,3.8704E5,3.8109E5,3.7628E5,3.8936E5,29,25,143,138,156,149,154,141,136,160,166,157,145,130,Carbamidomethylation; Oxidation (M); Deamidation (NQ),52347,Antithrombin-III OS=Bos taurus OX=9913 GN=SERPINC1 PE=1 SV=2
10,51,A2I7M9,502.92,64,50,61,62,50,52,50,50,50,61,61,61,50,,0,0,,,,,,0,0,0,,24,2,270,263,237,249,302,286,253,257,231,262,269,218,Oxidation (M); Deamidation (NQ),46237,Serpin A3-2 OS=Bos taurus OX=9913 GN=SERPINA3-2 PE=3 SV=1
43,30,P07589,494.61,26,17,13,19,21,18,17,17,15,17,14,16,16,7.7084E3,7.2543E3,9.4932E3,1.1779E4,9.6275E3,8.6143E3,7.7737E3,8.931E3,1.0135E4,7.1247E3,7.1358E3,7.2084E3,38,21,67,52,47,84,68,52,51,52,65,43,50,47,Carbamidomethylation; Deamidation (NQ),272151,Fibronectin OS=Bos taurus OX=9913 GN=FN1 PE=1 SV=4
35,14,P01030,464.18,56,52,39,47,50,43,48,48,40,48,42,42,48,1.0134E5,9.692E4,9.1263E4,9.6637E4,9.2638E4,1.0248E5,9.66E4,8.8927E4,7.932E4,8.4021E4,9.0016E4,7.0904E4,32,28,71,73,84,93,65,83,80,60,73,65,60,69,Carbamidomethylation; Oxidation (M); Deamidation (NQ),101908,Complement C4 (Fragments) OS=Bos taurus OX=9913 GN=C4 PE=1 SV=2
27,20,P56652,463.27,48,34,37,36,34,38,34,38,34,36,35,36,33,1.6395E5,1.4356E5,1.5621E5,1.6883E5,1.9026E5,1.8022E5,1.7751E5,1.8298E5,1.5572E5,1.5189E5,1.5736E5,1.3338E5,35,35,111,103,103,117,115,130,112,113,102,110,108,92,Carbamidomethylation; Oxidation (M); Deamidation (NQ),99551,Inter-alpha-trypsin inhibitor heavy chain H3 OS=Bos taurus OX=9913 GN=ITIH3 PE=1 SV=2
29,45,Q2KJF1,459.89,56,54,53,56,56,56,56,56,56,56,54,56,54,4.1071E5,3.8961E5,4.4653E5,5.0464E5,4.7302E5,4.4689E5,4.7208E5,4.5541E5,4.8232E5,4.1739E5,4.4193E5,4.2093E5,18,18,105,82,107,115,102,98,105,92,112,98,100,111,Carbamidomethylation,53554,Alpha-1B-glycoprotein OS=Bos taurus OX=9913 GN=A1BG PE=1 SV=1
30,13,G3MYZ3,449.99,63,42,52,49,50,37,52,50,45,48,46,42,47,1.501E5,1.5415E5,1.6328E5,1.5217E5,1.5184E5,1.7991E5,1.617E5,1.554E5,1.518E5,1.4171E5,1.3888E5,1.4268E5,30,30,84,96,86,105,81,103,116,80,100,86,103,92,Carbamidomethylation; Oxidation (M); Deamidation (NQ),69562,Afamin OS=Bos taurus OX=9913 GN=AFM PE=1 SV=1
31,19,Q28085,442.97,42,30,28,26,34,33,32,33,29,27,29,34,28,8.4544E4,7.093E4,1.4795E5,1.0347E5,5.8665E4,8.6065E4,7.8145E4,1.0525E5,1.0303E5,7.5949E4,1.9578E5,6.1032E4,33,33,99,94,93,92,82,89,107,100,92,87,93,85,Carbamidomethylation; Oxidation (M); Deamidation (NQ),140374,Complement factor H OS=Bos taurus OX=9913 GN=CFH PE=1 SV=3
25,38,P28800,442.10,63,48,62,46,48,51,54,42,46,42,48,52,42,2.9132E5,3.4177E5,3.0038E5,3.1993E5,3.4105E5,3.3374E5,3.0953E5,3.7535E5,3.0141E5,3.1348E5,3.3268E5,3.0611E5,20,20,120,122,116,106,125,112,107,125,122,118,121,114,Carbamidomethylation; Oxidation (M); Deamidation (NQ),54711,Alpha-2-antiplasmin OS=Bos taurus OX=9913 GN=SERPINF2 PE=1 SV=2
23,5,P01017,439.69,72,65,57,57,57,57,65,57,57,57,65,57,72,3.948E5,4.1484E5,3.8853E5,4.4125E5,4.9301E5,4.6416E5,4.2396E5,4.6526E5,3.8636E5,4.4051E5,4.3801E5,3.413E5,21,21,103,126,119,145,146,119,122,123,108,118,120,107,Carbamidomethylation; Oxidation (M); Deamidation (NQ),51424,Angiotensinogen OS=Bos taurus OX=9913 GN=AGT PE=1 SV=2
14,61,Q58D62,423.99,58,41,44,47,44,47,44,44,47,44,44,44,55,7.6816E5,8.4059E5,6.9454E5,6.154E5,8.1217E5,8.4888E5,6.9708E5,8.3101E5,6.5696E5,7.0728E5,6.9896E5,6.2878E5,15,15,152,134,169,214,190,176,189,155,165,156,169,133,Carbamidomethylation; Oxidation (M); Deamidation (NQ),42663,Fetuin-B OS=Bos taurus OX=9913 GN=FETUB PE=1 SV=1
36,44,Q95121,421.40,55,55,55,55,51,55,52,55,55,51,53,51,55,1.5426E5,1.7859E5,1.3735E5,1.4837E5,1.7759E5,1.6056E5,1.414E5,1.8179E5,1.4146E5,1.4911E5,1.5175E5,1.4447E5,17,17,83,63,68,70,82,67,72,77,78,82,53,68,Carbamidomethylation; Oxidation (M); Deamidation (NQ),46229,Pigment epithelium-derived factor OS=Bos taurus OX=9913 GN=SERPINF1 PE=1 SV=1
28,60,P17690,421.20,56,56,48,56,56,56,54,56,56,54,56,54,56,2.615E5,2.8824E5,2.7801E5,3.4697E5,3.3703E5,3.0414E5,3.2728E5,3.1473E5,2.9691E5,2.5261E5,2.8467E5,2.4585E5,16,16,99,67,91,111,131,110,125,132,93,92,98,83,Carbamidomethylation; Oxidation (M); Deamidation (NQ),38252,Beta-2-glycoprotein 1 OS=Bos taurus OX=9913 GN=APOH PE=1 SV=4
19,99,P02081,420.91,83,83,83,83,83,83,83,83,83,83,83,83,83,3.3927E5,2.9554E5,4.4543E5,3.9143E5,3.5299E5,3.6619E5,3.672E5,3.967E5,3.9987E5,3.695E5,3.4411E5,3.6818E5,15,10,139,113,157,107,123,139,126,150,119,109,151,112,Carbamidomethylation; Deamidation (NQ),15859,Hemoglobin fetal subunit beta OS=Bos taurus OX=9913 PE=1 SV=1
44,15,Q0VCM5,419.93,46,31,33,28,34,36,36,35,32,35,39,34,35,5.2671E4,5.8538E4,4.5201E4,4.7144E4,5.8047E4,5.679E4,4.7556E4,5.9657E4,4.933E4,5.3778E4,5.2193E4,3.7037E4,29,29,55,62,37,56,51,52,56,52,52,67,61,53,Carbamidomethylation; Oxidation (M); Deamidation (NQ),101237,Inter-alpha-trypsin inhibitor heavy chain H1 OS=Bos taurus OX=9913 GN=ITIH1 PE=1 SV=1
32,37,P01044,417.75,39,38,36,34,38,38,38,36,38,39,38,38,34,1.5018E5,1.2812E5,1.3818E5,1.5911E5,1.6315E5,1.408E5,1.5379E5,1.3661E5,1.4241E5,1.3192E5,1.3292E5,1.37E5,18,6,89,76,88,97,84,75,89,80,94,93,89,74,Carbamidomethylation; Oxidation (M); Deamidation (NQ),68890,Kininogen-1 OS=Bos taurus OX=9913 GN=KNG1 PE=1 SV=1
51,25,P13645,411.49,51,39,36,39,30,41,39,25,14,43,37,21,51,3.4091E4,2.8745E4,2.8152E4,1.3206E4,4.6493E4,3.1248E4,6.8481E3,2.9144E3,5.299E4,3.8625E4,4.4339E3,1.4547E5,26,24,42,47,51,21,55,38,20,10,59,42,11,86,Carbamidomethylation; Oxidation (M); Deamidation (NQ),58827,Keratin  type I cytoskeletal 10 OS=Homo sapiens OX=9606 GN=KRT10 PE=1 SV=6
52,24,P04264,411.37,47,25,20,29,30,36,30,15,13,31,28,20,42,3.3098E4,1.5455E4,4.3725E4,2.632E4,5.473E4,4.5499E4,9.971E3,3.547E3,3.9322E4,6.1315E4,1.615E4,9.9176E4,31,25,45,28,49,39,43,43,14,13,44,60,17,81,Carbamidomethylation; Deamidation (NQ),66039,Keratin  type II cytoskeletal 1 OS=Homo sapiens OX=9606 GN=KRT1 PE=1 SV=6
47,22,P00735,408.23,46,36,21,28,27,24,23,40,33,24,39,43,28,6.5497E4,3.3306E4,3.5473E4,6.1502E4,3.7351E4,4.722E4,7.8329E4,7.5695E4,4.1453E4,6.1401E4,7.6022E4,4.671E4,25,25,57,37,39,54,29,36,56,58,42,51,58,43,Carbamidomethylation; Oxidation (M); Deamidation (NQ),70506,Prothrombin OS=Bos taurus OX=9913 GN=F2 PE=1 SV=2
54,27,P07996,407.72,25,19,6,12,20,6,9,23,23,5,19,21,18,3.414E3,1.2589E2,1.5372E3,8.6746E3,3.803E2,6.6672E2,8.8563E3,8.4762E3,5.288E2,6.2682E3,7.9796E3,3.631E3,25,6,38,11,22,44,11,17,51,47,12,51,53,54,Carbamidomethylation; Deamidation (NQ),129383,Thrombospondin-1 OS=Homo sapiens OX=9606 GN=THBS1 PE=1 SV=2
20,229,O46375,407.29,61,61,61,61,61,61,61,61,61,61,61,61,61,5.0745E5,3.4934E5,6.7624E5,7.882E5,4.3765E5,2.8454E5,8.7855E5,8.1527E5,4.033E5,8.0852E5,9.1331E5,6.8662E5,9,9,131,77,164,120,81,61,151,166,79,158,160,131,Deamidation (NQ),15727,Transthyretin OS=Bos taurus OX=9913 GN=TTR PE=1 SV=1
40,32,Q3SX14,402.63,43,35,41,42,32,41,38,43,39,41,38,38,41,3.4637E4,2.7882E4,3.0303E4,2.6548E4,3.0553E4,3.5961E4,3.5135E4,3.7391E4,2.3165E4,2.4814E4,2.4896E4,2.6079E4,22,12,50,72,61,60,65,43,58,55,69,53,64,62,Carbamidomethylation; Oxidation (M); Deamidation (NQ),80731,Gelsolin OS=Bos taurus OX=9913 GN=GSN PE=2 SV=1
55,31,P02751,398.45,12,8,5,8,9,8,7,8,6,7,6,6,8,3.4406E2,,4.3406E2,4.8492E2,6.2673E2,6.148E2,,,,,,,19,2,40,34,23,50,45,34,33,30,36,29,25,29,Carbamidomethylation; Deamidation (NQ),272318,Fibronectin OS=Homo sapiens OX=9606 GN=FN1 PE=1 SV=5
59,28,Q28178,392.84,22,15,6,9,18,7,10,19,18,7,15,17,16,3.7708E3,1.3959E3,2.5434E3,3.4431E3,1.1529E3,2.5817E3,3.8774E3,1.926E3,2.9964E3,2.9017E3,3.3993E3,3.4547E3,24,5,32,12,21,40,11,18,41,33,14,42,45,39,Carbamidomethylation; Deamidation (NQ),129534,Thrombospondin-1 OS=Bos taurus OX=9913 GN=THBS1 PE=2 SV=2
63,29,Q28107,388.78,15,9,8,8,12,10,7,8,9,8,7,9,7,1.3237E4,1.2143E4,1.296E4,1.4481E4,1.5518E4,1.3097E4,1.4026E4,1.2467E4,1.2927E4,1.0857E4,1.2565E4,1.2792E4,21,21,27,21,19,49,35,24,25,21,24,18,27,19,Carbamidomethylation,248981,Coagulation factor V OS=Bos taurus OX=9913 GN=F5 PE=1 SV=1
46,67,Q9TT36,385.56,38,34,38,37,38,37,38,38,38,37,34,34,34,8.0762E4,8.404E4,7.4195E4,7.4854E4,9.4512E4,8.1049E4,7.3576E4,8.0121E4,6.8889E4,6.9441E4,7.4775E4,6.0201E4,12,12,40,39,43,59,48,53,66,47,41,47,43,42,Carbamidomethylation; Deamidation (NQ),46017,Thyroxine-binding globulin OS=Bos taurus OX=9913 GN=SERPINA7 PE=2 SV=1
53,52,Q58CQ9,385.50,38,26,27,29,29,29,35,29,32,29,26,32,24,3.8291E4,5.0566E4,3.2224E4,3.9381E4,4.5392E4,4.4192E4,3.4622E4,4.8611E4,3.1074E4,3.7715E4,3.7991E4,2.9482E4,15,15,37,40,29,40,39,39,36,37,30,28,37,35,Carbamidomethylation; Oxidation (M),56947,Pantetheinase OS=Bos taurus OX=9913 GN=VNN1 PE=1 SV=1
12,95,Q3SZR3,384.96,56,47,50,56,52,47,56,52,52,56,56,47,47,1.0325E6,1.1505E6,1.0357E6,1.0743E6,1.1129E6,1.2801E6,1.0332E6,9.7742E5,1.2023E6,8.9818E5,1.0382E6,9.9924E5,14,14,214,203,257,196,170,175,181,232,202,178,242,195,Carbamidomethylation; Deamidation (NQ),23182,Alpha-1-acid glycoprotein OS=Bos taurus OX=9913 GN=ORM1 PE=2 SV=1
42,43,P01045,379.39,33,32,30,27,31,31,31,30,31,32,30,31,27,1.172E4,1.1495E4,1.1676E4,1.5202E4,1.3592E4,1.5499E4,1.7372E4,1.5857E4,1.1785E4,1.1287E4,1.1514E4,9.9154E3,17,5,52,51,60,64,53,53,60,59,68,61,56,48,Carbamidomethylation; Oxidation (M); Deamidation (NQ),68710,Kininogen-2 OS=Bos taurus OX=9913 GN=KNG2 PE=1 SV=1
34,48,A2I7N1,378.13,51,49,49,49,37,51,49,49,49,49,49,44,38,2.6499E3,4.3518E3,2.3129E3,3.7379E3,5.3645E3,2.931E3,2.3863E3,3.0263E3,2.7114E3,2.9711E3,1.9354E3,9.2783E2,17,3,79,61,72,88,95,68,86,68,88,76,88,57,Oxidation (M); Deamidation (NQ),46397,Serpin A3-5 OS=Bos taurus OX=9913 GN=SERPINA3-5 PE=3 SV=1
58,33,Q29RQ1,378.02,29,25,22,25,26,26,25,26,26,26,23,25,23,3.5168E4,3.3152E4,3.3933E4,3.6144E4,3.6947E4,3.6266E4,3.7129E4,3.7613E4,3.3838E4,3.1231E4,3.4988E4,3.1731E4,18,18,29,26,32,31,30,24,36,32,37,29,32,24,Carbamidomethylation,93090,Complement component C7 OS=Bos taurus OX=9913 GN=C7 PE=2 SV=1
41,53,P00978,378.01,39,36,39,36,39,39,39,39,39,34,39,36,36,1.2721E5,1.3635E5,1.2809E5,1.8662E5,1.5163E5,1.5216E5,1.5759E5,1.7489E5,1.5351E5,1.4163E5,1.322E5,1.3809E5,17,17,67,61,56,58,52,58,62,58,65,60,57,55,Carbamidomethylation; Deamidation (NQ),39235,Protein AMBP OS=Bos taurus OX=9913 GN=AMBP PE=1 SV=2
38,116,P01966,370.44,86,86,86,86,86,86,86,86,86,86,86,86,86,1.4826E5,1.3405E5,1.2292E5,1.1711E5,1.5414E5,1.3263E5,1.3142E5,1.4632E5,9.222E4,1.2029E5,1.3979E5,1.3645E5,9,6,61,59,64,55,71,61,63,76,52,55,71,60,Oxidation (M),15184,Hemoglobin subunit alpha OS=Bos taurus OX=9913 GN=HBA PE=1 SV=2
74,39,P02672,360.77,26,20,23,23,22,21,21,23,22,22,22,20,20,2.0653E4,1.8112E4,2.0611E4,2.2623E4,1.9886E4,2.1654E4,2.2066E4,2.318E4,2.2906E4,2.0017E4,1.8105E4,2.2349E4,14,14,19,21,22,17,26,19,17,24,21,20,21,19,Carbamidomethylation; Oxidation (M),67012,Fibrinogen alpha chain OS=Bos taurus OX=9913 GN=FGA PE=1 SV=5
77,17,P35908,360.35,38,27,22,20,16,24,24,6,6,30,21,8,37,1.0526E4,1.5009E4,6.5348E3,4.6725E3,1.2037E4,8.2166E3,1.3404E3,1.3422E3,1.3903E4,1.0242E4,1.6921E3,3.9701E4,21,16,23,19,22,14,22,21,4,5,28,23,12,40,Oxidation (M),65433,Keratin  type II cytoskeletal 2 epidermal OS=Homo sapiens OX=9606 GN=KRT2 PE=1 SV=2
75,34,P01267,357.15,10,6,5,6,7,7,6,7,6,5,6,6,6,6.7593E3,5.99E3,6.4035E3,6.7824E3,6.6857E3,7.7281E3,6.8511E3,6.6419E3,5.5299E3,3.9468E3,6.5206E3,5.1082E3,17,17,19,21,20,28,21,22,22,18,18,21,18,14,Carbamidomethylation,303221,Thyroglobulin OS=Bos taurus OX=9913 GN=TG PE=1 SV=1
26,81,A2I7N3,355.79,36,28,36,23,28,36,28,28,28,28,26,28,28,2.2102E5,1.9283E5,1.8882E5,1.8509E5,2.0569E5,2.2434E5,1.8735E5,1.947E5,1.7201E5,1.9746E5,1.9575E5,2.0254E5,15,14,125,127,132,113,132,112,100,124,94,117,106,114,Oxidation (M); Deamidation (NQ),46942,Serpin A3-7 OS=Bos taurus OX=9913 GN=SERPINA3-7 PE=3 SV=1
91,57,P35527,351.90,29,14,7,25,22,25,20,20,8,17,28,14,28,5.1651E3,1.5048E3,1.3809E4,8.8616E3,1.5119E4,9.4015E3,4.2122E3,1.3288E3,4.9919E3,2.1005E4,2.9789E3,3.0245E4,14,14,7,4,19,13,17,10,9,4,9,23,8,30,Oxidation (M),62064,Keratin  type I cytoskeletal 9 OS=Homo sapiens OX=9606 GN=KRT9 PE=1 SV=3
50,55,P50448,351.54,39,38,36,30,32,34,32,36,34,34,38,36,32,9.2935E4,9.9782E4,9.6748E4,1.0884E5,1.1509E5,9.6911E4,1.0152E5,1.0227E5,9.948E4,1.003E5,1.0393E5,9.6255E4,16,16,37,41,40,42,45,39,40,36,38,54,38,40,Oxidation (M),51723,Factor XIIa inhibitor OS=Bos taurus OX=9913 PE=1 SV=1
56,47,P35445,339.48,24,21,19,21,19,22,22,21,19,24,19,21,21,2.2537E4,1.9346E4,2.2476E4,2.3784E4,2.2632E4,2.3663E4,2.5823E4,2.5908E4,2.5474E4,1.9898E4,2.3258E4,2.1189E4,11,9,37,35,38,29,31,35,29,32,33,29,32,41,Carbamidomethylation; Deamidation (NQ),82362,Cartilage oligomeric matrix protein OS=Bos taurus OX=9913 GN=COMP PE=1 SV=2
60,46,Q9N2I2,337.77,49,30,35,34,39,47,41,32,43,33,27,37,31,4.1553E4,4.3038E4,4.8716E4,5.0976E4,4.6529E4,4.6349E4,4.4392E4,4.6509E4,5.1201E4,4.0982E4,5.4668E4,4.4693E4,13,13,24,28,32,34,30,29,30,32,31,21,33,23,Deamidation (NQ),45297,Plasma serine protease inhibitor OS=Bos taurus OX=9913 GN=SERPINA5 PE=1 SV=1
72,79,P02453,325.94,11,10,10,10,11,8,11,10,11,10,10,8,10,7.9237E3,7.7542E3,1.0309E4,1.2761E4,9.2526E3,1.4098E4,1.2604E4,1.1773E4,1.0572E4,6.1029E3,7.017E3,9.856E3,10,10,26,20,22,22,26,27,23,19,27,17,17,14,Carbamidomethylation; Oxidation (M); Deamidation (NQ),138939,Collagen alpha-1(I) chain OS=Bos taurus OX=9913 GN=COL1A1 PE=1 SV=3
18,74,P02768,314.82,15,11,11,11,11,14,11,9,9,11,9,11,9,0,3.64E4,2.9122E2,3.5315E4,1.2121E3,1.9887E4,3.4084E5,0,5.7953E3,1.593E2,0,0,10,3,126,77,329,79,84,109,87,157,96,92,284,71,Carbamidomethylation; Deamidation (NQ),69367,Albumin OS=Homo sapiens OX=9606 GN=ALB PE=1 SV=2
82,78,P02465,311.82,10,5,6,7,4,6,7,6,6,8,6,6,4,5.8831E3,5.5412E3,6.6054E3,7.226E3,5.8575E3,5.4658E3,6.8531E3,5.9619E3,8.2576E3,5.61E3,5.5226E3,5.974E3,9,9,18,14,10,14,23,16,16,17,17,15,18,10,Carbamidomethylation,129064,Collagen alpha-2(I) chain OS=Bos taurus OX=9913 GN=COL1A2 PE=1 SV=2
48,106,P18902,310.42,55,49,49,49,49,55,53,55,55,49,49,39,54,8.3063E4,6.0402E4,9.1952E4,2.0167E5,9.6998E4,1.1172E5,1.7669E5,1.801E5,1.1204E5,7.8418E4,1.2018E5,8.4862E4,10,10,42,41,47,40,43,54,55,40,28,44,49,46,Carbamidomethylation; Deamidation (NQ),21069,Retinol-binding protein 4 OS=Bos taurus OX=9913 GN=RBP4 PE=1 SV=1
81,120,P23142,305.54,13,11,11,13,13,11,11,11,11,11,6,11,11,8.1666E3,9.1758E3,9.684E3,9.8677E3,1.0411E4,1.1682E4,9.8748E3,9.2245E3,9.2688E3,7.6072E3,8.3672E3,1.0016E4,6,6,15,18,17,16,15,20,15,16,15,18,12,15,Carbamidomethylation; Oxidation (M),77214,Fibulin-1 OS=Homo sapiens OX=9606 GN=FBLN1 PE=1 SV=4
85,113,P68871,305.48,74,13,13,13,13,74,13,13,13,13,13,13,13,,,,,1.4501E4,,,,,,,,10,5,14,9,15,12,37,13,9,14,18,9,12,12,Carbamidomethylation; Oxidation (M),15998,Hemoglobin subunit beta OS=Homo sapiens OX=9606 GN=HBB PE=1 SV=2
87,35,P08169,303.98,10,6,4,4,4,6,4,5,6,5,5,5,5,5.7611E3,3.975E3,2.8262E3,6.2192E3,7.0293E3,5.1979E3,4.918E3,5.7994E3,5.9665E3,6.3003E3,3.5426E3,5.7228E3,15,15,16,14,10,15,22,15,13,18,12,13,9,12,Carbamidomethylation,274527,Cation-independent mannose-6-phosphate receptor OS=Bos taurus OX=9913 GN=IGF2R PE=1 SV=2
61,76,A7E3W2,303.20,24,19,19,24,19,24,24,19,24,24,18,19,22,2.2588E4,1.9504E4,1.7144E4,1.5494E4,2.6225E4,2.3429E4,1.4757E4,1.9328E4,1.7665E4,1.6993E4,1.678E4,1.8245E4,9,9,32,30,28,25,25,28,26,27,29,32,34,28,Carbamidomethylation,62127,Galectin-3-binding protein OS=Bos taurus OX=9913 GN=LGALS3BP PE=1 SV=1
80,58,Q15063,303.20,17,11,13,13,15,14,14,15,11,11,12,11,11,6.4291E3,6.3903E3,5.4273E3,8.0994E3,7.978E3,7.1602E3,6.697E3,7.6856E3,6.601E3,6.0707E3,6.8924E3,4.6861E3,10,10,15,18,15,23,20,20,20,13,17,13,17,19,Carbamidomethylation; Deamidation (NQ),93314,Periostin OS=Homo sapiens OX=9606 GN=POSTN PE=1 SV=2
45,80,P19823,302.98,11,10,10,10,10,11,10,10,10,10,10,10,10,1.7903E5,1.9407E5,1.9684E5,2.2338E5,2.7658E5,1.7725E5,2.1503E5,2.3425E5,2.089E5,1.768E5,2.0591E5,1.4563E5,10,10,52,44,49,58,50,52,42,49,46,43,55,44,Oxidation (M); Deamidation (NQ),106463,Inter-alpha-trypsin inhibitor heavy chain H2 OS=Homo sapiens OX=9606 GN=ITIH2 PE=1 SV=2
86,49,Q2KJ63,300.17,27,17,19,20,21,22,19,19,16,19,19,19,16,7.4584E3,9.4084E3,7.8324E3,8.0706E3,9.6735E3,1.0308E4,1.0193E4,9.6383E3,1.0712E4,8.3601E3,7.6986E3,7.5589E3,12,12,13,16,12,21,18,15,16,11,16,13,13,9,Carbamidomethylation,70994,Plasma kallikrein OS=Bos taurus OX=9913 GN=KLKB1 PE=2 SV=1
115,98,P29279,299.92,32,11,22,11,19,17,22,17,20,14,16,27,18,4.2758E3,5.9162E3,5.2541E3,8.9899E3,6.5625E3,6.187E3,4.4651E3,5.0587E3,5.5209E3,5.5556E3,1.0145E4,3.1058E3,8,8,4,9,5,14,10,5,5,7,13,6,12,5,Carbamidomethylation,38091,CCN family member 2 OS=Homo sapiens OX=9606 GN=CCN2 PE=1 SV=2
33,165,P81644,297.49,62,62,39,62,39,62,62,39,62,61,62,62,62,8.6939E5,8.5799E5,7.2343E5,6.0697E5,9.9445E5,7.9793E5,7.498E5,8.4353E5,4.9416E5,7.8877E5,8.8645E5,7.3199E5,7,7,77,82,86,69,84,79,70,85,70,84,84,75,Deamidation (NQ),11202,Apolipoprotein A-II OS=Bos taurus OX=9913 GN=APOA2 PE=1 SV=2
76,92,Q95M17,297.22,29,26,25,25,28,23,29,29,29,25,19,25,26,6.8901E3,5.5471E3,6.3089E3,8.6099E3,9.7865E3,9.452E3,8.202E3,9.1353E3,5.8885E3,4.8703E3,6.5533E3,5.2687E3,10,10,16,25,21,22,27,19,26,19,15,23,14,14,Carbamidomethylation; Oxidation (M); Deamidation (NQ),52129,Acidic mammalian chitinase OS=Bos taurus OX=9913 GN=CHIA PE=1 SV=1
65,90,A6QPQ2,289.87,24,24,24,21,24,21,24,24,18,21,24,24,21,9.1207E3,1.1735E4,9.6738E3,1.4017E4,1.372E4,1.3659E4,1.0111E4,1.3798E4,1.0036E4,1.0101E4,8.4363E3,8.5462E3,9,7,24,17,20,33,23,28,26,32,21,24,25,18,,46964,Serpin A3-8 OS=Bos taurus OX=9913 GN=SERPINA3-8 PE=2 SV=1
90,59,Q28065,285.60,22,16,16,16,19,14,16,19,16,16,16,22,13,8.4007E3,8.596E3,8.6629E3,8.5375E3,3.8261E3,1.0354E4,8.585E3,1.0763E4,8.7177E3,8.7425E3,9.1501E3,8.8179E3,10,10,9,12,10,15,12,13,16,19,11,11,15,12,Carbamidomethylation,68887,C4b-binding protein alpha chain OS=Bos taurus OX=9913 GN=C4BPA PE=2 SV=1
93,66,P12799,285.22,27,16,15,16,18,19,21,21,17,19,16,16,21,4.0676E3,4.68E3,6.4662E3,6.1031E3,6.1197E3,6.9127E3,6.7426E3,5.7853E3,6.3915E3,5.1777E3,5.3279E3,4.4501E3,11,11,10,10,15,14,10,12,18,10,12,13,16,10,Carbamidomethylation; Deamidation (NQ),50244,Fibrinogen gamma-B chain OS=Bos taurus OX=9913 GN=FGG PE=1 SV=1
112,73,Q6URK6,283.74,18,11,9,9,11,12,14,9,13,9,9,9,13,3.9246E3,3.7607E3,3.1577E3,4.3253E3,3.779E3,5.7732E3,3.0795E3,5.0957E3,3.2077E3,3.7334E3,3.4087E3,5.2735E3,10,10,9,9,7,11,9,11,5,10,8,8,9,8,Carbamidomethylation,87467,Cadherin-5 OS=Bos taurus OX=9913 GN=CDH5 PE=2 SV=1
88,54,P55906,280.10,24,17,17,19,12,16,15,14,20,17,16,18,17,5.5467E3,6.864E3,5.0686E3,4.2433E3,5.9853E3,6.3188E3,4.6409E3,6.4165E3,6.3144E3,6.0619E3,6.5643E3,6.5202E3,10,10,11,14,18,9,13,15,8,17,17,16,10,15,Carbamidomethylation,74408,Transforming growth factor-beta-induced protein ig-h3 OS=Bos taurus OX=9913 GN=TGFBI PE=1 SV=2
73,109,E1BF81,276.88,31,20,27,20,23,27,25,20,23,20,20,23,20,1.473E4,1.4991E4,9.988E3,1.2569E4,1.3355E4,1.8984E4,1.278E4,1.3752E4,1.3394E4,1.0941E4,1.1357E4,1.1653E4,8,8,21,28,15,18,25,25,20,19,22,20,21,20,,45102,Corticosteroid-binding globulin OS=Bos taurus OX=9913 GN=SERPINA6 PE=3 SV=1
99,82,Q32PJ2,276.75,28,20,17,23,22,14,14,23,19,14,17,17,14,1.3755E4,1.4757E4,1.4704E4,1.2697E4,1.2245E4,1.4103E4,1.3999E4,1.252E4,1.3209E4,1.4352E4,1.2134E4,1.531E4,8,8,15,12,12,12,8,14,11,13,10,14,9,9,,43018,Apolipoprotein A-IV OS=Bos taurus OX=9913 GN=APOA4 PE=2 SV=1
108,96,P98140,276.41,22,16,12,13,17,16,17,13,17,17,14,20,12,3.7676E3,2.8888E3,3.9578E3,4.9345E3,5.1554E3,5.6426E3,5.3377E3,5.0571E3,5.0487E3,3.1113E3,5.1794E3,3.5414E3,8,8,9,8,8,9,8,10,9,9,13,7,10,11,Carbamidomethylation; Deamidation (NQ),67160,Coagulation factor XII OS=Bos taurus OX=9913 GN=F12 PE=1 SV=2
150,133,P02662,275.75,55,0,0,0,5,0,0,55,0,0,0,0,5,,,,2.5776E2,,,2.1417E5,,,,,4.0982E2,7,7,0,0,0,1,0,0,46,0,0,0,0,1,Oxidation (M),24529,Alpha-S1-casein OS=Bos taurus OX=9913 GN=CSN1S1 PE=1 SV=2
62,143,P69905,273.83,75,24,24,24,24,75,24,24,24,24,24,24,24,,,,,4.1801E4,,,,,,,,7,4,24,21,28,26,43,26,25,31,25,23,28,25,Carbamidomethylation; Oxidation (M),15258,Hemoglobin subunit alpha OS=Homo sapiens OX=9606 GN=HBA1 PE=1 SV=2
94,119,P17697,273.12,21,10,10,14,14,14,10,10,14,18,10,8,10,2.941E4,2.8317E4,3.1976E4,3.1942E4,3.1319E4,3.3418E4,3.1819E4,3.1072E4,3.4138E4,3.0334E4,2.3896E4,2.815E4,10,10,12,11,15,12,13,10,14,9,15,11,13,13,,51114,Clusterin OS=Bos taurus OX=9913 GN=CLU PE=1 SV=1
67,206,P01035,270.66,57,57,56,57,57,57,57,57,57,57,57,57,57,2.1187E4,1.7514E4,1.7629E4,1.3251E4,2.2751E4,1.9227E4,1.4468E4,2.233E4,1.7313E4,1.5505E4,1.6092E4,2.2335E4,8,8,24,29,18,20,23,26,27,29,18,24,26,17,Carbamidomethylation; Oxidation (M); Deamidation (NQ),16265,Cystatin-C OS=Bos taurus OX=9913 GN=CST3 PE=1 SV=2
71,111,Q05443,267.49,30,18,18,24,27,24,24,27,25,24,27,24,24,5.9997E4,6.5446E4,4.8458E4,5.3751E4,6.6211E4,6.2402E4,5.4559E4,5.8734E4,4.637E4,5.5387E4,5.5655E4,4.765E4,7,7,17,20,17,25,19,22,20,31,20,25,22,24,Carbamidomethylation; Oxidation (M); Deamidation (NQ),38756,Lumican OS=Bos taurus OX=9913 GN=LUM PE=1 SV=1
100,68,P02676,266.27,28,12,12,11,14,16,11,11,10,14,8,16,17,2.2154E3,1.8576E3,3.4606E3,3.4545E3,3.6416E3,4.3067E3,3.0521E3,3.1173E3,3.2363E3,1.1965E3,2.832E3,2.941E3,11,11,11,10,12,14,10,10,9,12,12,4,11,14,,53340,Fibrinogen beta chain OS=Bos taurus OX=9913 GN=FGB PE=1 SV=2
102,77,Q3MHN2,264.93,20,10,15,12,15,16,12,13,11,12,13,13,15,4.6543E3,4.07E3,4.2291E3,4.9169E3,4.826E3,5.9996E3,5.6517E3,5.8047E3,5.6216E3,3.5878E3,3.9085E3,4.4384E3,9,9,10,8,8,13,10,11,14,8,11,9,10,12,Carbamidomethylation,61998,Complement component C9 OS=Bos taurus OX=9913 GN=C9 PE=2 SV=1
121,65,Q3SWW8,264.37,16,4,3,3,11,3,3,7,6,3,3,6,8,3.2214E2,,,1.501E3,,,7.1173E2,7.8126E2,,,6.0785E2,1.2824E2,9,7,4,5,7,14,2,3,10,12,4,4,8,7,Carbamidomethylation,105974,Thrombospondin-4 OS=Bos taurus OX=9913 GN=THBS4 PE=2 SV=1
66,176,Q3Y5Z3,262.07,25,22,22,22,22,25,22,21,25,22,25,25,22,4.4702E4,2.6821E4,3.4609E4,5.7767E4,3.0028E4,2.2608E4,4.7286E4,5.0059E4,2.175E4,4.5516E4,5.1637E4,4.9128E4,6,6,28,18,25,27,30,19,25,22,18,26,25,24,Deamidation (NQ),26133,Adiponectin OS=Bos taurus OX=9913 GN=ADIPOQ PE=1 SV=1
39,171,P02070,260.06,57,37,37,37,37,37,37,37,37,37,37,57,37,5.6127E2,5.2612E2,6.4857E2,6.1975E2,5.1914E2,9.1915E2,5.7767E2,5.3066E2,6.052E2,5.1202E2,5.1023E2,6.7124E2,6,2,80,53,77,35,49,69,58,72,51,46,81,54,Carbamidomethylation,15954,Hemoglobin subunit beta OS=Bos taurus OX=9913 GN=HBB PE=1 SV=1
84,86,P0C0L4,258.65,5,5,4,5,5,5,4,5,4,5,5,4,5,5.8509E3,4.4611E3,6.3267E3,8.413E3,7.8046E3,4.5728E3,6.3842E3,7.3445E3,8.3632E3,4.6363E3,4.5624E3,5.5564E3,8,4,12,14,15,19,16,14,17,15,17,14,14,12,Carbamidomethylation,192784,Complement C4-A OS=Homo sapiens OX=9606 GN=C4A PE=1 SV=2
106,114,Q03247,248.57,28,18,18,18,19,18,18,23,18,28,23,18,14,9.2674E3,7.909E3,9.1411E3,1.0181E4,9.9436E3,9.8425E3,1.0488E4,1.2299E4,9.8439E3,6.7406E3,8.9369E3,5.686E3,6,6,8,7,10,9,7,9,10,14,14,12,8,6,,35980,Apolipoprotein E OS=Bos taurus OX=9913 GN=APOE PE=1 SV=1
140,89,Q5E9Z2,246.37,24,11,2,8,12,13,13,11,8,7,5,9,6,1.8753E3,7.7191E2,1.0929E3,2.2873E3,3.9062E3,1.5367E3,1.0458E3,1.9973E3,8.0863E2,7.4627E2,9.7082E2,1.4272E3,9,9,6,1,4,9,9,5,5,5,6,3,4,4,Carbamidomethylation,62441,Hyaluronan-binding protein 2 OS=Bos taurus OX=9913 GN=HABP2 PE=2 SV=1
103,97,Q2KIG3,244.82,23,17,14,13,22,21,19,11,13,11,14,13,11,1.1275E4,7.7542E3,9.3791E3,1.205E4,1.2801E4,1.1333E4,9.6052E3,9.1095E3,9.383E3,8.7189E3,8.2374E3,9.5433E3,8,8,11,7,7,12,17,12,8,13,7,10,7,10,Carbamidomethylation,48822,Carboxypeptidase B2 OS=Bos taurus OX=9913 GN=CPB2 PE=1 SV=1
110,134,Q12805,243.40,18,13,13,13,18,14,13,13,13,13,13,13,11,4.1303E3,4.3604E3,4.2333E3,6.688E3,4.827E3,5.2333E3,3.1055E3,4.2226E3,3.5748E3,3.0872E3,3.5288E3,2.3768E3,6,6,6,8,9,17,12,10,7,6,7,10,9,7,Carbamidomethylation; Deamidation (NQ),54641,EGF-containing fibulin-like extracellular matrix protein 1 OS=Homo sapiens OX=9606 GN=EFEMP1 PE=1 SV=2
117,101,P80012,241.06,12,7,8,8,1,5,8,6,8,9,5,6,5,3.7123E3,5.2686E3,3.6392E3,1.4802E3,3.234E3,3.7296E3,1.5372E3,4.043E3,3.8416E3,3.4787E3,4.4466E3,4.244E3,7,7,7,10,11,3,6,13,6,8,7,7,10,3,Carbamidomethylation; Deamidation (NQ),102600,von Willebrand factor (Fragment) OS=Bos taurus OX=9913 GN=VWF PE=1 SV=2
154,94,Q5NTB3,239.79,19,4,6,8,8,3,7,9,11,15,7,8,3,1.0024E3,1.2921E3,1.083E3,1.6314E3,3.1796E2,1.4013E3,1.5787E3,1.9563E3,1.8979E3,1.4442E3,1.1006E3,2.4001E2,7,7,2,3,2,4,2,5,7,5,9,2,2,1,Carbamidomethylation,69872,Coagulation factor XI OS=Bos taurus OX=9913 GN=F11 PE=1 SV=1
105,91,P05121,239.41,40,14,10,14,20,14,20,27,23,25,20,20,24,3.9051E3,3.5543E3,4.3486E3,6.3004E3,4.6129E3,6.6681E3,1.7E4,1.3841E4,1.1979E4,1.0222E4,1.2865E4,1.4053E4,8,8,5,6,3,13,6,9,15,11,13,8,11,14,Deamidation (NQ),45060,Plasminogen activator inhibitor 1 OS=Homo sapiens OX=9606 GN=SERPINE1 PE=1 SV=1
104,128,P68138,231.70,16,16,12,16,13,16,10,16,16,16,16,16,13,1.1324E3,,6.3162E2,8.6001E2,1.0158E3,1.0537E3,1.0106E3,9.3805E2,2.0628E3,4.5369E2,1.0191E3,8.3868E2,6,2,13,7,10,9,12,4,8,10,15,11,12,7,Oxidation (M),42051,Actin  alpha skeletal muscle OS=Bos taurus OX=9913 GN=ACTA1 PE=1 SV=1
104,129,P68133,231.70,16,16,12,16,13,16,10,16,16,16,16,16,13,1.1324E3,,6.3162E2,8.6001E2,1.0158E3,1.0537E3,1.0106E3,9.3805E2,2.0628E3,4.5369E2,1.0191E3,8.3868E2,6,2,13,7,10,9,12,4,8,10,15,11,12,7,Oxidation (M),42051,Actin  alpha skeletal muscle OS=Homo sapiens OX=9606 GN=ACTA1 PE=1 SV=1
104,130,Q3ZC07,231.70,16,16,12,16,13,16,10,16,16,16,16,16,13,1.1324E3,,6.3162E2,8.6001E2,1.0158E3,1.0537E3,1.0106E3,9.3805E2,2.0628E3,4.5369E2,1.0191E3,8.3868E2,6,2,13,7,10,9,12,4,8,10,15,11,12,7,Oxidation (M),42019,Actin  alpha cardiac muscle 1 OS=Bos taurus OX=9913 GN=ACTC1 PE=2 SV=1
104,131,P68032,231.70,16,16,12,16,13,16,10,16,16,16,16,16,13,1.1324E3,,6.3162E2,8.6001E2,1.0158E3,1.0537E3,1.0106E3,9.3805E2,2.0628E3,4.5369E2,1.0191E3,8.3868E2,6,2,13,7,10,9,12,4,8,10,15,11,12,7,Oxidation (M),42019,Actin  alpha cardiac muscle 1 OS=Homo sapiens OX=9606 GN=ACTC1 PE=1 SV=1
119,110,Q24K22,229.60,14,9,7,9,9,9,9,6,9,13,9,7,9,2.7741E3,1.1855E3,3.4002E3,3.6495E3,2.7199E3,2.6097E3,1.8829E3,2.8544E3,3.5123E3,1.8752E3,2.3227E3,2.4183E3,7,7,11,6,6,11,6,8,3,5,9,7,6,6,Carbamidomethylation,79973,Hepatocyte growth factor-like protein OS=Bos taurus OX=9913 GN=MST1 PE=2 SV=1
79,117,P04114,228.70,1,1,1,1,1,1,1,1,1,1,1,1,1,2.6012E4,2.8616E4,2.9064E4,3.0807E4,3.2164E4,3.3241E4,3.2357E4,2.7754E4,2.7901E4,3.2496E4,2.8656E4,3.0971E4,6,6,18,17,18,26,18,16,17,15,20,20,19,18,Deamidation (NQ),515611,Apolipoprotein B-100 OS=Homo sapiens OX=9606 GN=APOB PE=1 SV=2
181,200,P02754,228.18,39,0,0,0,0,0,0,39,0,0,0,0,0,,,,,,,1.6897E4,,,,,,5,5,0,0,0,0,0,0,26,0,0,0,0,0,Oxidation (M),19883,Beta-lactoglobulin OS=Bos taurus OX=9913 GN=LGB PE=1 SV=3
95,137,Q5E9B1,227.66,24,24,24,24,18,24,24,24,24,24,24,19,20,2.6626E3,2.678E3,2.2887E3,1.8876E3,3.2532E3,3.4432E3,2.6934E3,3.021E3,2.1029E3,2.8587E3,1.651E3,2.0237E3,5,4,10,9,14,12,12,11,16,14,14,21,10,5,Carbamidomethylation,36724,L-lactate dehydrogenase B chain OS=Bos taurus OX=9913 GN=LDHB PE=2 SV=4
92,150,Q2KIS7,221.88,28,17,17,17,28,23,23,28,22,23,22,23,17,3.0147E4,3.1066E4,2.2634E4,2.7751E4,2.797E4,2.3788E4,2.284E4,2.8752E4,2.8126E4,2.9532E4,2.7662E4,3.6285E4,5,5,12,8,12,14,10,14,14,10,13,18,16,12,Carbamidomethylation,22144,Tetranectin OS=Bos taurus OX=9913 GN=CLEC3B PE=2 SV=1
96,230,Q9BXJ4,220.44,22,22,22,22,22,22,22,22,22,22,22,22,22,5.9796E3,7.4965E3,6.1948E3,5.2618E3,6.4127E3,6.1408E3,5.0511E3,6.4452E3,4.1611E3,4.9956E3,5.734E3,5.6111E3,5,5,14,13,14,16,9,14,10,12,11,17,9,9,Deamidation (NQ),26994,Complement C1q tumor necrosis factor-related protein 3 OS=Homo sapiens OX=9606 GN=C1QTNF3 PE=1 SV=1
212,231,P02668,217.77,38,0,0,0,0,0,0,38,0,0,0,0,0,,,,,,,6.5251E3,,,,,,4,4,0,0,0,0,0,0,18,0,0,0,0,0,Carbamidomethylation; Oxidation (M),21269,Kappa-casein OS=Bos taurus OX=9913 GN=CSN3 PE=1 SV=1
132,125,Q29437,215.20,11,8,7,5,8,6,7,7,8,5,5,5,4,2.199E3,2.0923E3,2.2957E3,2.4308E3,1.8862E3,3.1263E3,2.2794E3,2.3531E3,2.1005E3,1.7297E3,1.6192E3,1.1939E3,6,6,6,7,6,5,6,5,7,5,7,5,6,2,Carbamidomethylation,84757,Primary amine oxidase  liver isozyme OS=Bos taurus OX=9913 PE=1 SV=1
135,104,Q28106,212.55,10,4,6,2,2,2,5,2,4,6,6,3,4,1.8776E3,2.8996E3,2.4173E3,2.658E3,2.6819E3,1.0337E3,2.4161E3,2.6902E3,2.8517E3,2.6012E3,2.0864E3,2.6729E3,7,7,7,9,4,6,6,8,4,4,5,4,3,5,,113385,Contactin-1 OS=Bos taurus OX=9913 GN=CNTN1 PE=2 SV=1
109,103,P26022,212.19,28,6,6,3,6,6,0,20,16,6,9,10,19,1.6159E3,1.4754E3,8.9818E2,2.1977E3,1.1254E3,,8.7681E3,7.8951E3,3.2093E3,8.3338E3,8.0462E3,1.126E4,7,7,8,4,2,8,7,0,22,7,18,10,8,15,Carbamidomethylation,41976,Pentraxin-related protein PTX3 OS=Homo sapiens OX=9606 GN=PTX3 PE=1 SV=3
123,201,Q2KIT0,211.50,34,25,25,25,25,34,34,25,25,25,13,25,25,5.9504E3,6.3264E3,4.5589E3,4.1168E3,5.344E3,7.0319E3,4.2808E3,4.6903E3,5.1515E3,4.0926E3,4.7903E3,5.3379E3,4,4,6,10,5,6,9,8,5,3,4,10,7,4,Carbamidomethylation; Oxidation (M),20646,Protein HP-20 homolog OS=Bos taurus OX=9913 PE=2 SV=1
113,166,P01031,207.78,2,2,2,2,2,2,2,2,2,2,2,2,2,1.7885E3,1.9974E3,2.1994E3,4.2313E3,2.0148E3,2.6176E3,2.73E3,1.982E3,3.3117E3,1.9866E3,2.1138E3,1.667E3,4,4,10,9,9,10,7,8,7,7,9,8,10,9,Carbamidomethylation; Deamidation (NQ),188304,Complement C5 OS=Homo sapiens OX=9606 GN=C5 PE=1 SV=4
97,233,P01888,205.15,58,23,33,33,31,33,47,58,33,23,58,33,23,3.6332E3,4.7535E3,4.5902E3,4.4272E3,5.8582E3,8.5152E3,6.1875E3,4.2035E3,4.2395E3,4.1621E3,4.2545E3,3.6716E3,5,5,10,11,12,10,9,20,15,9,11,12,10,13,Carbamidomethylation,13677,Beta-2-microglobulin OS=Bos taurus OX=9913 GN=B2M PE=1 SV=2
127,244,Q2KIU3,203.47,26,14,26,26,26,26,26,26,26,26,14,14,26,6.0501E3,4.6217E3,6.1157E3,9.9034E3,7.7701E3,7.8539E3,6.1274E3,7.4634E3,3.038E3,6.8068E3,4.226E3,5.955E3,3,3,8,9,7,7,8,5,5,5,5,5,5,3,Carbamidomethylation,22911,Protein HP-25 homolog 2 OS=Bos taurus OX=9913 PE=2 SV=1
125,177,P13384,201.18,20,11,11,20,20,11,11,20,11,20,11,11,11,6.9329E3,7.3421E3,7.4426E3,3.9619E3,4.7172E3,8.3355E3,7.2904E3,7.1577E3,8.0673E3,6.9958E3,6.9139E3,7.2249E3,4,4,7,6,11,5,5,5,9,5,6,4,6,6,Carbamidomethylation,34015,Insulin-like growth factor-binding protein 2 OS=Bos taurus OX=9913 GN=IGFBP2 PE=1 SV=2
116,149,P13213,201.10,17,14,14,14,17,17,17,14,14,14,14,14,14,1E4,9.4366E3,8.6721E3,1.0825E4,1.172E4,1.1912E4,5.787E3,3.3084E3,4.9351E3,3.7863E3,3.4215E3,4.5401E3,4,4,10,6,7,6,9,10,7,13,7,6,4,6,Carbamidomethylation,34613,SPARC OS=Bos taurus OX=9913 GN=SPARC PE=1 SV=2
116,163,P09486,201.10,17,14,14,14,17,17,17,14,14,14,14,14,14,1E4,9.4366E3,8.6721E3,1.0825E4,1.172E4,1.1912E4,5.787E3,3.3084E3,4.9351E3,3.7863E3,3.4215E3,4.5401E3,4,4,10,6,7,6,9,10,7,13,7,6,4,6,Carbamidomethylation,34632,SPARC OS=Homo sapiens OX=9606 GN=SPARC PE=1 SV=1
137,140,Q2KJ83,201.01,13,3,8,3,6,8,8,8,6,11,5,8,8,2.1232E3,2.706E3,2.1393E3,1.1125E3,3.9533E3,1.9179E3,2.7753E3,1.7361E3,3.17E3,1.7111E3,2.192E3,2.5584E3,4,4,2,6,3,6,7,5,4,4,9,6,5,6,Carbamidomethylation,52669,Carboxypeptidase N catalytic chain OS=Bos taurus OX=9913 GN=CPN1 PE=2 SV=1
134,197,Q2TBI0,200.75,13,9,9,9,2,9,9,13,9,9,11,13,9,1.2722E3,1.3421E3,9.13E2,3.124E2,1.5494E3,1.734E3,1.7779E3,1.6181E3,1.4993E3,7.6293E2,1.3776E3,1.7557E3,4,4,7,4,6,2,4,4,7,5,5,5,8,9,Carbamidomethylation,53698,Lipopolysaccharide-binding protein OS=Bos taurus OX=9913 GN=LBP PE=2 SV=1
142,236,P07456,199.12,24,4,9,18,18,18,9,18,18,18,10,18,4,2.1526E3,0,2.9896E3,3.5234E3,2.2297E3,2.1832E3,3.0635E3,2.8109E3,2.7691E3,3.1306E3,2.3151E3,2.1249E3,4,4,2,1,5,5,4,5,8,7,6,6,5,3,Carbamidomethylation,19682,Insulin-like growth factor II OS=Bos taurus OX=9913 GN=IGF2 PE=1 SV=4
157,141,P02192,197.91,53,27,18,20,18,18,23,10,20,18,27,31,30,1.0403E3,3.315E3,1.6511E3,1.7965E3,1.9604E3,2.5707E3,1.7469E3,2.5791E3,1.4075E3,2.4532E3,2.8504E3,1.7796E3,6,6,3,2,6,4,3,4,3,2,4,4,3,3,,17078,Myoglobin OS=Bos taurus OX=9913 GN=MB PE=1 SV=3
139,108,P07224,197.52,9,9,0,1,1,0,0,7,7,0,6,7,4,2.8962E3,,9.4946E1,2.7288E2,,,2.8351E3,2.8438E3,,2.1744E3,3.7169E3,1.171E3,6,6,13,0,2,1,0,0,9,9,0,10,14,4,Carbamidomethylation; Deamidation (NQ),75133,Vitamin K-dependent protein S OS=Bos taurus OX=9913 GN=PROS1 PE=1 SV=1
182,107,P12109,195.05,10,4,6,4,0,2,4,4,2,1,3,0,3,7.0931E2,1.2222E3,7.9943E2,,1.2425E3,5.7172E2,2.6941E3,8.7396E2,3.2852E2,1.0566E3,,5.6967E2,6,6,4,3,3,0,1,2,4,2,1,3,0,2,Carbamidomethylation; Deamidation (NQ),108529,Collagen alpha-1(VI) chain OS=Homo sapiens OX=9606 GN=COL6A1 PE=1 SV=3
190,199,P80109,191.67,7,2,4,2,7,5,6,4,4,0,6,4,4,0,4.6515E2,0,6.3287E2,1.1062E3,7.5046E2,5.43E2,5.7358E2,,8.4701E2,6.183E2,3.3734E2,3,3,1,1,1,5,5,2,2,1,0,3,2,1,,92602,Phosphatidylinositol-glycan-specific phospholipase D OS=Bos taurus OX=9913 GN=GPLD1 PE=1 SV=1
172,221,Q04756,190.40,6,2,4,2,2,0,6,2,2,4,4,4,2,3.2959E2,9.3795E2,3.4416E2,1.8646E2,,1.069E3,2.1859E2,3.1033E2,1.1073E3,8.8259E2,9.6204E2,5.8369E2,3,3,2,6,2,1,0,3,1,3,5,4,2,2,Carbamidomethylation,70682,Hepatocyte growth factor activator OS=Homo sapiens OX=9606 GN=HGFAC PE=1 SV=1
171,169,P02459,187.54,3,1,0,2,1,1,2,2,3,2,1,2,1,3.5692E2,,9.2528E2,8.139E1,3.7388E2,9.9156E2,4.8255E2,1.3518E3,7.4625E2,4.4668E2,5.8566E2,4.3173E2,3,3,2,0,3,1,2,4,2,7,6,1,2,1,Carbamidomethylation,141829,Collagen alpha-1(II) chain OS=Bos taurus OX=9913 GN=COL2A1 PE=1 SV=4
246,144,Q148H4,185.98,8,0,0,0,0,0,8,0,0,0,0,0,0,,,,,,1.6477E3,,,,,,,4,2,0,0,0,0,0,9,0,0,0,0,0,0,,54613,Keratin  type II cuticular Hb1 OS=Bos taurus OX=9913 GN=KRT81 PE=2 SV=1
122,174,Q95122,185.43,16,9,9,12,9,12,13,9,12,9,13,12,13,2.6245E3,3.7405E3,3.4972E3,3.5889E3,4.7624E3,3.5189E3,3.223E3,4.0349E3,2.4715E3,2.5857E3,3.1722E3,2.4073E3,4,4,4,5,8,5,7,5,8,9,7,8,9,5,Carbamidomethylation,39667,Monocyte differentiation antigen CD14 OS=Bos taurus OX=9913 GN=CD14 PE=2 SV=2
143,207,Q3MHL4,185.00,11,8,8,8,11,11,6,11,11,8,11,8,8,9.7629E2,1.0434E3,1.0025E3,1.2044E3,1.0971E3,4.6476E2,1.333E3,1.3634E3,1.1944E3,8.3235E2,9.0441E2,1.6357E3,3,3,4,4,4,8,4,5,5,6,6,4,3,2,,47638,Adenosylhomocysteinase OS=Bos taurus OX=9913 GN=AHCY PE=2 SV=3
143,220,P23526,185.00,11,8,8,8,11,11,6,11,11,8,11,8,8,9.7629E2,1.0434E3,1.0025E3,1.2044E3,1.0971E3,4.6476E2,1.333E3,1.3634E3,1.1944E3,8.3235E2,9.0441E2,1.6357E3,3,3,4,4,4,8,4,5,5,6,6,4,3,2,,47716,Adenosylhomocysteinase OS=Homo sapiens OX=9606 GN=AHCY PE=1 SV=4
180,153,P42916,184.66,13,3,7,3,7,7,3,6,7,3,3,3,7,1.0646E3,1.456E3,1.5313E3,2.0022E3,2.391E3,1.4283E3,1.8675E3,2.1158E3,1.4813E3,6.0937E2,1.405E3,1.1987E3,4,4,2,3,1,2,5,2,2,2,1,1,3,2,Carbamidomethylation,33616,Collectin-43 OS=Bos taurus OX=9913 GN=CL43 PE=1 SV=2
141,241,P13605,184.38,11,11,11,11,6,11,11,11,11,11,11,11,11,1.9575E3,3.7943E3,2.8257E3,1.5826E3,3.0502E3,3.9273E3,2.5982E3,2.4424E3,2.9056E3,3.4914E3,2.9823E3,3.3091E3,3,3,6,6,4,3,5,6,4,4,5,5,6,5,,43038,Fibromodulin OS=Bos taurus OX=9913 GN=FMOD PE=1 SV=2
158,183,P26779,183.46,13,7,3,3,3,3,7,9,7,7,3,3,7,2.4995E3,2.5201E3,2.2322E3,1.2946E3,2.0999E3,3.0231E3,1.8886E3,2.6512E3,2.0805E3,3.3775E3,1.7124E3,5.7511E3,4,4,2,5,2,3,2,3,5,3,6,4,2,3,,58051,Prosaposin OS=Bos taurus OX=9913 GN=PSAP PE=1 SV=3
234,225,P02663,183.37,19,0,0,0,0,0,0,19,0,0,0,0,0,,,,,,,6.2195E3,,,,,,4,4,0,0,0,0,0,0,12,0,0,0,0,0,Oxidation (M),26019,Alpha-S2-casein OS=Bos taurus OX=9913 GN=CSN1S2 PE=1 SV=2
118,224,P19858,181.72,13,8,8,8,8,8,13,3,13,8,8,13,13,7.4229E2,8.4115E2,1.8664E2,7.9328E1,6.9152E2,9.7491E2,,1.0399E3,2.029E2,5.1682E2,4.8447E2,5.7523E2,3,2,8,9,4,3,14,10,2,14,4,4,7,8,,36598,L-lactate dehydrogenase A chain OS=Bos taurus OX=9913 GN=LDHA PE=2 SV=2
147,121,P02533,178.02,10,4,4,7,2,7,4,2,2,5,7,2,10,,,3.332E2,,5.4981E2,,,,2.5832E2,6.4044E2,,6.0086E2,4,2,4,3,8,2,5,2,1,2,5,9,1,6,Oxidation (M); Deamidation (NQ),51562,Keratin  type I cytoskeletal 14 OS=Homo sapiens OX=9606 GN=KRT14 PE=1 SV=4
177,1005,Q9TTJ5,177.37,13,7,7,7,13,0,7,13,6,7,7,0,7,2.1874E2,1.3279E2,2.2498E2,4.9069E2,,3.3695E2,5.9795E2,2.1933E2,2.9243E2,2.272E2,,2.1782E2,3,3,2,1,2,3,0,3,6,1,4,2,0,3,Carbamidomethylation,33308,Regucalcin OS=Bos taurus OX=9913 GN=RGN PE=2 SV=1
153,228,Q3T004,176.52,15,15,15,15,15,15,15,15,15,10,15,15,11,1.0016E3,8.7272E2,7.9786E2,1.2126E3,1.098E3,1.0675E3,1.0496E3,1.0163E3,7.9697E2,1.0665E3,1.2249E3,5.7774E2,3,3,5,5,3,4,3,5,3,3,2,5,5,3,,25183,Serum amyloid P-component OS=Bos taurus OX=9913 GN=APCS PE=2 SV=1
222,160,Q9Y490,175.82,2,1,0,1,1,1,1,1,1,0,0,1,0,2.1903E2,,2.2546E2,7.9583E2,2.7388E2,8.8707E2,2.4876E2,3.2795E2,,,2.1966E2,,3,3,3,0,1,2,1,2,2,2,0,0,1,0,,269765,Talin-1 OS=Homo sapiens OX=9606 GN=TLN1 PE=1 SV=3
184,158,P00741,172.98,13,7,0,0,7,0,0,7,9,0,9,13,4,2.1235E3,,,1.0346E3,,,2.0634E3,3.249E3,,2.4226E3,2.9039E3,5.5722E2,4,4,2,0,0,3,0,0,4,4,0,4,7,1,Carbamidomethylation,52046,Coagulation factor IX OS=Bos taurus OX=9913 GN=F9 PE=1 SV=2
130,214,Q05718,172.90,20,14,14,14,14,14,20,14,14,14,14,14,14,3.6537E3,4.8108E3,3.6304E3,3.4563E3,4.1231E3,4.6013E3,3.754E3,3.8285E3,3.4575E3,3.5808E3,4.3355E3,3.0177E3,3,3,4,6,7,6,6,6,5,7,5,5,4,7,Carbamidomethylation,24967,Insulin-like growth factor-binding protein 6 OS=Bos taurus OX=9913 GN=IGFBP6 PE=2 SV=2
145,209,P04746,172.30,6,4,4,4,4,4,4,4,6,4,4,4,4,3.306E3,3.2094E3,3.7018E3,3.484E3,3.7723E3,4.1119E3,2.7576E3,4.2262E3,3.5677E3,3.5066E3,3.312E3,3.489E3,3,3,4,8,6,7,2,3,2,7,4,4,2,2,,57707,Pancreatic alpha-amylase OS=Homo sapiens OX=9606 GN=AMY2A PE=1 SV=2
145,212,P19961,172.30,6,4,4,4,4,4,4,4,6,4,4,4,4,3.306E3,3.2094E3,3.7018E3,3.484E3,3.7723E3,4.1119E3,2.7576E3,4.2262E3,3.5677E3,3.5066E3,3.312E3,3.489E3,3,3,4,8,6,7,2,3,2,7,4,4,2,2,,57710,Alpha-amylase 2B OS=Homo sapiens OX=9606 GN=AMY2B PE=1 SV=1
145,217,P0DTE8,172.30,6,4,4,4,4,4,4,4,6,4,4,4,4,3.306E3,3.2094E3,3.7018E3,3.484E3,3.7723E3,4.1119E3,2.7576E3,4.2262E3,3.5677E3,3.5066E3,3.312E3,3.489E3,3,3,4,8,6,7,2,3,2,7,4,4,2,2,,57768,Alpha-amylase 1C OS=Homo sapiens OX=9606 GN=AMY1C PE=1 SV=1
145,218,P0DTE7,172.30,6,4,4,4,4,4,4,4,6,4,4,4,4,3.306E3,3.2094E3,3.7018E3,3.484E3,3.7723E3,4.1119E3,2.7576E3,4.2262E3,3.5677E3,3.5066E3,3.312E3,3.489E3,3,3,4,8,6,7,2,3,2,7,4,4,2,2,,57768,Alpha-amylase 1B OS=Homo sapiens OX=9606 GN=AMY1B PE=1 SV=1
145,219,P0DUB6,172.30,6,4,4,4,4,4,4,4,6,4,4,4,4,3.306E3,3.2094E3,3.7018E3,3.484E3,3.7723E3,4.1119E3,2.7576E3,4.2262E3,3.5677E3,3.5066E3,3.312E3,3.489E3,3,3,4,8,6,7,2,3,2,7,4,4,2,2,,57768,Alpha-amylase 1A OS=Homo sapiens OX=9606 GN=AMY1A PE=1 SV=1
148,307,P00450,171.61,3,3,3,3,3,1,1,3,3,3,3,3,3,1.5712E3,1.6085E3,1.4773E3,1.9601E3,2.5325E2,2.153E2,2.1765E3,1.9398E3,1.6868E3,1.2308E3,1.7664E3,1.7144E3,3,3,4,10,4,3,1,2,3,5,4,4,5,3,,122205,Ceruloplasmin OS=Homo sapiens OX=9606 GN=CP PE=1 SV=1
159,151,Q3ZCH5,171.09,27,9,9,18,9,13,6,7,13,7,9,7,7,7.4883E2,1.9257E2,7.9522E2,3.252E2,2.3292E2,5.094E2,2.2641E2,0,1.8615E2,3.9093E2,3.2646E2,6.9836E2,5,5,6,2,7,2,5,2,4,3,2,4,1,2,,33852,Zinc-alpha-2-glycoprotein OS=Bos taurus OX=9913 GN=AZGP1 PE=2 SV=1
124,205,P19879,170.73,11,5,5,5,11,11,8,8,8,8,5,8,5,1.636E3,2.031E3,1.5737E3,1.3975E3,2.5953E3,1.6737E3,1.3254E3,1.8801E3,1.6034E3,1.3579E3,1.6209E3,2.1267E3,3,3,6,5,5,6,9,8,9,4,8,5,7,4,Carbamidomethylation,34209,Mimecan OS=Bos taurus OX=9913 GN=OGN PE=1 SV=2
211,299,P02666,168.10,30,0,0,0,0,0,0,30,0,0,0,0,0,,,,,,,2.0275E4,,,,,,2,2,0,0,0,0,0,0,18,0,0,0,0,0,Oxidation (M),25107,Beta-casein OS=Bos taurus OX=9913 GN=CSN2 PE=1 SV=2
188,246,P00745,167.59,9,9,0,0,5,0,0,9,4,0,4,9,0,1.1553E3,,,2.1027E2,,,1.0958E3,1.1342E3,,8.0649E2,1.7572E3,,3,3,5,0,0,1,0,0,4,5,0,3,7,0,Carbamidomethylation,51416,Vitamin K-dependent protein C (Fragment) OS=Bos taurus OX=9913 GN=PROC PE=1 SV=1
167,178,P20908,166.24,3,1,1,3,2,3,1,1,3,2,2,1,2,0,9.5188E2,1.6078E3,1.3844E3,1.5236E3,1.4307E2,5.988E2,1.9715E3,1.2821E3,3.0304E2,1.3405E3,1.3711E3,3,3,1,1,4,5,4,1,1,4,5,2,1,3,,183559,Collagen alpha-1(V) chain OS=Homo sapiens OX=9606 GN=COL5A1 PE=1 SV=3
164,6350,Q2KIX7,164.77,17,17,17,17,17,17,17,17,17,6,17,11,17,1.3069E3,1.2877E3,1.0887E3,1.6446E3,1.3677E3,1.601E3,1.5616E3,1.6779E3,9.3162E2,1.7182E3,5.1306E2,2.7694E3,2,2,4,2,3,2,3,5,2,4,4,3,1,3,Carbamidomethylation,22556,Protein HP-25 homolog 1 OS=Bos taurus OX=9913 PE=1 SV=1
161,896,P33433,162.40,8,8,4,8,8,4,8,8,8,8,8,4,4,1.7431E3,1.057E3,2.7917E3,2.7594E3,1.3483E3,2.5348E3,3.3906E3,2.973E3,3.1817E3,2.0296E3,1.3947E3,1.1303E3,2,2,3,1,7,4,1,6,2,4,4,3,1,3,Carbamidomethylation,44471,Histidine-rich glycoprotein (Fragments) OS=Bos taurus OX=9913 GN=HRG PE=1 SV=1
131,126,P18206,161.49,7,3,3,3,5,3,5,5,3,7,5,7,6,1.5486E3,1.5327E3,1.5016E3,2.1037E3,1.57E3,2.1903E3,2.0162E3,1.6545E3,2.2711E3,1.7488E3,2.3168E3,1.7624E3,4,4,4,7,5,4,4,9,5,2,8,7,9,3,,123799,Vinculin OS=Homo sapiens OX=9606 GN=VCL PE=1 SV=4
197,139,Q07954,156.97,1,0,0,0,0,0,0,1,1,0,0,1,1,5.1375E2,5.0803E2,,3.4492E2,5.0124E2,5.9566E2,7.3384E2,1.0589E3,5.6007E2,4.5768E2,5.7065E2,8.2605E2,2,2,3,1,0,1,2,2,2,3,1,1,3,2,Carbamidomethylation,504610,Prolow-density lipoprotein receptor-related protein 1 OS=Homo sapiens OX=9606 GN=LRP1 PE=1 SV=2
128,203,Q3ZBD7,154.43,6,6,3,6,6,6,6,6,6,6,6,6,3,9.1161E2,5.2886E2,6.4967E2,7.4992E2,8.5336E2,6.7226E2,8.023E2,7.5115E2,7.5606E2,6.1124E2,7.9083E2,5.4261E2,2,2,8,3,5,6,7,5,12,8,5,2,8,2,,62855,Glucose-6-phosphate isomerase OS=Bos taurus OX=9913 GN=GPI PE=2 SV=4
160,135,P08779,153.94,12,4,4,4,6,4,4,2,2,6,4,2,4,,,,2.1307E2,,,,,3.6725E2,,,,4,2,4,3,5,4,4,2,1,2,5,5,1,3,Oxidation (M); Deamidation (NQ),51268,Keratin  type I cytoskeletal 16 OS=Homo sapiens OX=9606 GN=KRT16 PE=1 SV=4
155,1339,P10096,152.24,11,7,11,7,11,7,11,7,11,7,11,11,11,7.8897E2,1.7483E3,7.243E2,5.5534E2,9.1722E2,1.2457E3,5.8969E2,1.8023E3,6.6195E2,1.4266E3,1.2759E3,9.8407E2,2,2,3,4,2,2,3,2,2,5,5,5,5,4,Carbamidomethylation,35868,Glyceraldehyde-3-phosphate dehydrogenase OS=Bos taurus OX=9913 GN=GAPDH PE=1 SV=4
226,327,Q16270,152.24,11,6,6,6,11,6,11,0,0,0,0,0,0,2.605E2,3.0067E2,2.9833E2,5.7875E2,3.6394E2,9.1579E2,,,,,,,2,2,1,5,1,2,1,4,0,0,0,0,0,0,Carbamidomethylation,29130,Insulin-like growth factor-binding protein 7 OS=Homo sapiens OX=9606 GN=IGFBP7 PE=1 SV=1
183,250,P54289,149.35,3,0,2,3,0,3,3,3,2,3,2,2,0,,1.1435E2,3.5565E2,,5.2046E2,4.5455E2,2.4183E2,1.7433E2,3.2679E2,1.3397E2,2.3093E2,,2,2,0,1,3,0,3,3,2,4,5,1,3,0,Carbamidomethylation; Deamidation (NQ),124568,Voltage-dependent calcium channel subunit alpha-2/delta-1 OS=Homo sapiens OX=9606 GN=CACNA2D1 PE=1 SV=3
175,6352,P31096,147.27,14,4,4,4,4,4,4,4,4,14,4,4,4,5.9783E2,5.6958E2,4.8468E2,3.3315E2,9.7086E2,7.2517E3,1.3284E3,2.0314E3,1.4758E3,6.1917E2,6.6865E2,9.2764E2,2,2,2,5,2,3,2,2,2,2,5,1,2,2,,30904,Osteopontin OS=Bos taurus OX=9913 GN=SPP1 PE=1 SV=2
237,184,Q86YZ3,147.00,2,1,0,1,0,1,0,0,0,0,1,0,2,0,,9.8656E1,,8.2079E1,,,,,0,,7.7729E2,3,3,2,0,1,0,1,0,0,0,0,1,0,6,,282389,Hornerin OS=Homo sapiens OX=9606 GN=HRNR PE=1 SV=2
152,422,P62261,146.87,13,13,13,13,9,13,4,13,13,13,13,4,13,5.5639E2,5.7784E2,5.0579E2,3.7539E2,4.4216E2,,6.0098E2,5.0795E2,4.4575E2,5.4493E2,,5.2925E2,3,2,4,2,5,4,5,2,4,9,3,4,2,3,Carbamidomethylation,29174,14-3-3 protein epsilon OS=Bos taurus OX=9913 GN=YWHAE PE=2 SV=1
152,423,P62258,146.87,13,13,13,13,9,13,4,13,13,13,13,4,13,5.5639E2,5.7784E2,5.0579E2,3.7539E2,4.4216E2,,6.0098E2,5.0795E2,4.4575E2,5.4493E2,,5.2925E2,3,2,4,2,5,4,5,2,4,9,3,4,2,3,Carbamidomethylation,29174,14-3-3 protein epsilon OS=Homo sapiens OX=9606 GN=YWHAE PE=1 SV=1
202,138,P98160,146.36,1,1,0,0,1,0,0,0,0,0,1,1,0,9.3408E2,7.9674E2,6.523E2,8.4734E2,4.5353E2,5.2855E2,5.1097E2,5.9688E2,6.9407E2,1.0165E3,8.42E2,8.1403E2,3,3,2,1,1,3,1,1,2,2,1,3,2,1,Carbamidomethylation,468835,Basement membrane-specific heparan sulfate proteoglycan core protein OS=Homo sapiens OX=9606 GN=HSPG2 PE=1 SV=4
120,1109,P19035,145.78,35,35,35,35,35,35,35,35,35,35,35,35,35,4.6331E3,4.4422E3,4.454E3,3.4125E3,2.7745E3,5.075E3,4.0123E3,5.1564E3,3.0312E3,4.401E3,3.4791E3,4.2271E3,3,3,7,6,6,7,7,7,6,5,8,9,9,6,,10692,Apolipoprotein C-III OS=Bos taurus OX=9913 GN=APOC3 PE=1 SV=2
200,1277,Q3T0A3,144.08,17,17,17,7,7,7,17,7,17,7,7,7,0,1.027E3,8.3561E2,6.5221E2,4.7547E2,7.3699E2,9.9671E2,7.2217E2,1.1073E3,6.1789E2,6.1347E2,7.3443E2,,2,2,3,4,1,1,1,3,1,3,1,2,1,0,Carbamidomethylation,27878,Complement factor D OS=Bos taurus OX=9913 GN=CFD PE=2 SV=1
146,1168,Q3SZJ4,141.00,14,14,14,14,14,14,14,14,14,14,14,14,14,1.1771E3,1.4182E3,9.5745E2,7.3051E2,1.2926E3,1.1311E3,7.6853E2,9.81E2,6.7773E2,9.8677E2,1.2347E3,9.1468E2,2,2,3,7,2,9,5,4,4,2,2,4,4,3,,35706,Prostaglandin reductase 1 OS=Bos taurus OX=9913 GN=PTGR1 PE=2 SV=1
151,416,P12955,130.51,5,5,2,2,5,5,2,2,5,5,5,5,0,2.6432E3,8.5043E2,4.7285E2,4.9378E2,9.9456E2,1.0173E3,3.4462E2,9.7236E2,9.2317E2,3.176E3,1.8076E3,,2,2,5,2,1,5,5,4,4,4,7,5,5,0,Acetylation (Protein N-term),54548,Xaa-Pro dipeptidase OS=Homo sapiens OX=9606 GN=PEPD PE=1 SV=3
169,3075,O02853,130.43,31,31,31,31,7,7,7,7,7,31,7,7,7,1.196E3,1.2005E3,1.1536E3,1.9225E3,1.5987E3,1.9583E3,1.4405E3,1.1891E3,2.143E3,1.7032E3,1.2337E3,2.0077E3,2,2,2,2,2,3,4,3,2,1,7,2,1,3,Carbamidomethylation,21229,Prostaglandin-H2 D-isomerase OS=Bos taurus OX=9913 GN=PTGDS PE=1 SV=1
192,709,A6QQ07,129.38,8,4,8,8,4,4,4,4,4,4,0,4,4,3.7033E2,5.5688E2,4.5729E2,3.1577E2,5.7431E1,3.9846E2,2.9871E2,3.6665E2,2.4176E2,,3.3357E2,3.8632E2,2,2,2,2,2,4,2,2,2,1,1,0,4,2,,58353,Biotinidase OS=Bos taurus OX=9913 GN=BTD PE=2 SV=1
225,223,Q2KJ39,127.55,11,6,3,6,0,6,6,0,5,4,3,3,0,2.8017E2,1.7126E2,4.2245E2,,2.0131E2,4.8106E2,,6.6891E2,3.4119E2,1.2024E2,2.7598E2,,3,3,2,1,2,0,2,2,0,1,2,1,1,0,,37568,Reticulocalbin-3 OS=Bos taurus OX=9913 GN=RCN3 PE=2 SV=1
149,238,Q9XSJ4,124.58,6,6,6,6,6,6,6,6,6,6,6,6,6,9.0446E2,8.1648E2,1.0722E3,1.2072E3,1.081E3,9.9596E2,1.2033E3,1.0989E3,1.1985E3,6.2337E2,6.7816E2,9.2767E2,2,2,4,4,6,5,3,2,4,6,4,3,5,2,Carbamidomethylation,47326,Alpha-enolase OS=Bos taurus OX=9913 GN=ENO1 PE=1 SV=4
220,666,Q2KJH6,122.65,8,8,0,5,5,8,0,3,3,5,0,3,5,6.7096E2,,3.419E2,1.0944E2,5.2489E2,,2.1741E2,2.0391E2,0,,2.2538E2,4.3029E2,2,2,2,0,1,3,3,0,1,1,1,0,2,1,,46507,Serpin H1 OS=Bos taurus OX=9913 GN=SERPINH1 PE=2 SV=1
179,1513,P79345,122.58,24,15,15,15,24,15,15,24,15,15,15,15,0,4.0324E2,5.6613E2,3.5112E2,3.9968E2,6.2814E2,4.7303E2,2.4148E2,5.4262E2,1.9401E2,3.2202E2,5.28E2,,2,2,2,1,1,5,2,2,2,3,2,2,5,0,Carbamidomethylation,16640,NPC intracellular cholesterol transporter 2 OS=Bos taurus OX=9913 GN=NPC2 PE=1 SV=1
186,237,P05546,117.71,4,4,4,4,4,4,4,2,4,4,2,4,2,1.8039E3,1.8933E3,1.6911E3,1.6956E3,2.4672E3,2.2426E3,1.6006E3,2.2846E3,1.603E3,1.2964E3,2.0405E3,1.2181E3,2,2,2,2,2,4,3,2,1,3,2,1,2,1,,57071,Heparin cofactor 2 OS=Homo sapiens OX=9606 GN=SERPIND1 PE=1 SV=3
243,497,Q58DH9,113.78,9,0,4,0,4,9,0,4,5,0,0,5,0,,2.4489E2,,3.1458E2,2.3655E2,,2.4902E2,0,,,0,,2,2,0,1,0,1,3,0,3,1,0,0,1,0,,46533,Alpha-N-acetylgalactosaminidase OS=Bos taurus OX=9913 GN=NAGA PE=2 SV=1
229,417,P48740,107.80,3,1,2,0,3,1,1,2,2,1,1,0,0,5.3037E2,2.3458E2,,5.3709E2,3.2312E2,3.2851E2,3.392E2,3.294E2,2.7394E2,2.2948E2,,,2,2,2,1,0,2,1,1,1,1,3,1,0,0,Carbamidomethylation,79247,Mannan-binding lectin serine protease 1 OS=Homo sapiens OX=9606 GN=MASP1 PE=1 SV=3
288,273,Q29RY7,107.62,8,0,0,0,3,0,0,0,0,0,0,5,0,,,,2.2552E2,,,,,,,0,,2,2,0,0,0,1,0,0,0,0,0,0,1,0,Carbamidomethylation,50684,Fibroleukin OS=Bos taurus OX=9913 GN=FGL2 PE=2 SV=1
187,354,Q15113,107.19,5,2,5,2,5,5,2,5,5,2,5,5,2,9.0969E2,7.1796E2,8.0304E2,1.15E3,1.0664E3,9.6742E2,1.0991E3,1.0554E3,9.1183E2,8.5003E2,7.8973E2,8.0442E2,2,2,2,3,1,3,3,1,2,2,2,3,2,1,Carbamidomethylation,47973,Procollagen C-endopeptidase enhancer 1 OS=Homo sapiens OX=9606 GN=PCOLCE PE=1 SV=2
263,345,Q3T0S5,104.01,5,5,0,4,0,0,5,0,0,0,0,5,4,1.3194E2,,8.8324E1,,,8.2506E1,,,,,5.6515E1,0,2,2,1,0,1,0,0,1,0,0,0,0,1,1,,39543,Fructose-bisphosphate aldolase B OS=Bos taurus OX=9913 GN=ALDOB PE=2 SV=1
263,6652,P05062,104.01,5,5,0,4,0,0,5,0,0,0,0,5,4,1.3194E2,,8.8324E1,,,8.2506E1,,,,,5.6515E1,0,2,2,1,0,1,0,0,1,0,0,0,0,1,1,,39473,Fructose-bisphosphate aldolase B OS=Homo sapiens OX=9606 GN=ALDOB PE=1 SV=2
217,3815,O43505,101.24,13,0,7,0,0,13,7,13,7,7,13,0,7,,1.2017E2,,,9.5802E2,1.9668E2,5.8509E2,4.5557E2,1.4922E2,1.1458E3,,6.017E2,2,2,0,1,0,0,2,1,3,1,3,3,0,2,Carbamidomethylation,47119,Beta-1 4-glucuronyltransferase 1 OS=Homo sapiens OX=9606 GN=B4GAT1 PE=1 SV=1
217,3816,Q5EA01,101.24,13,0,7,0,0,13,7,13,7,7,13,0,7,,1.2017E2,,,9.5802E2,1.9668E2,5.8509E2,4.5557E2,1.4922E2,1.1458E3,,6.017E2,2,2,0,1,0,0,2,1,3,1,3,3,0,2,Carbamidomethylation,47231,Beta-1 4-glucuronyltransferase 1 OS=Bos taurus OX=9913 GN=B4GAT1 PE=2 SV=2
267,381,Q96QV1,100.18,4,0,2,0,0,0,0,4,0,0,2,0,0,,1.4236E2,,,,,3.0643E2,,,2.2851E2,,,2,2,0,1,0,0,0,0,3,0,0,1,0,0,Carbamidomethylation,78851,Hedgehog-interacting protein OS=Homo sapiens OX=9606 GN=HHIP PE=1 SV=3
248,3837,P14618,89.91,5,5,3,0,0,0,0,0,3,0,3,3,0,3.5033E2,3.1762E2,,,,,,2.7107E2,,2.9248E2,3.4688E2,,2,2,3,1,0,0,0,0,0,3,0,1,1,0,,57937,Pyruvate kinase PKM OS=Homo sapiens OX=9606 GN=PKM PE=1 SV=4
257,330,A3KMX0,77.31,1,1,0,1,1,0,0,0,0,1,0,1,0,1.6048E3,,6.7937E2,1.1875E3,,,,,4.2361E3,,3.3187E3,,2,2,2,0,1,1,0,0,0,0,1,0,1,0,Oxidation (M); Deamidation (NQ),176298,DNA excision repair protein ERCC-6-like 2 OS=Bos taurus OX=9913 GN=ERCC6L2 PE=2 SV=3
